id,penalty,l1_ratio,alpha,max_iter,random_state,n_jobs,n_samples,n_features,n_classes,n_clusters_per_class,n_informative,flip_y,scale,time
0,none,0.393691560768625,0.0001,260,719,8,888,693,6,5,7,0.05488773105459534,88.25326506264771,0.30637288093566895
1,elasticnet,0.654140602221102,0.01,586,172,2,210,159,10,3,10,0.07954062490581527,9.841284021472056,0.9030294418334961
2,elasticnet,0.8510197133877198,0.01,518,426,1,788,531,7,4,8,0.053866663593257695,69.5682466087699,10.453464269638062
3,none,0.8533691456044985,0.0001,893,401,1,181,204,4,2,7,0.04188828051844404,53.84315843385217,0.18430161476135254
4,elasticnet,0.4849629512383904,0.01,400,894,8,561,323,9,5,12,0.06466512998270228,82.30042000320509,1.1060376167297363
5,elasticnet,0.6238593110988953,0.0001,967,424,4,137,127,2,2,9,0.07125299613100076,42.54744150609592,0.12194299697875977
6,none,0.7640753180236921,0.001,924,136,8,747,108,5,4,11,0.030319496673153524,35.6253619782512,0.20292425155639648
7,l1,0.4089119396431343,0.01,922,962,2,789,665,5,4,8,0.026960084410754228,60.227577646524445,8.514936923980713
8,none,0.765944929741514,0.001,243,78,8,810,394,3,2,6,0.021154969758088872,86.05302448556408,0.20464348793029785
9,elasticnet,0.5053906132122153,0.001,626,764,2,121,774,7,5,8,0.030256404347496203,70.8344935300943,1.8045258522033691
10,l1,0.8525571169622167,0.0001,129,25,8,678,992,8,5,11,0.0810399392424008,6.010267087962998,0.7052502632141113
11,elasticnet,0.8145048831796499,0.0001,187,786,1,966,870,4,3,10,0.08846448133679373,77.2555593619766,4.389688968658447
12,elasticnet,0.8122892920818814,0.01,489,439,1,106,284,9,2,11,0.048278699562798455,74.33077869856088,0.9230785369873047
13,l2,0.7912343546876788,0.0001,600,892,1,238,448,7,4,10,0.03734539821334642,36.73283545955085,0.5795526504516602
14,elasticnet,0.36289149064409065,0.01,842,824,2,322,743,9,4,11,0.02532423039227747,64.02981124663515,7.112531900405884
15,elasticnet,0.6529867493039819,0.0001,256,602,-1,346,578,9,4,10,0.08675553891567878,97.55073583932464,0.608022928237915
16,l1,0.7265546257690825,0.0001,388,160,4,647,222,10,4,10,0.03959432050604991,93.53744683796724,1.504570722579956
17,elasticnet,0.690781304851139,0.0001,729,505,1,911,446,3,3,8,0.04018286920234391,80.6085541208455,6.227297067642212
18,none,0.2613448370539258,0.0001,425,736,8,842,727,4,3,9,0.09691740177502393,12.881737889352932,0.4049253463745117
19,l1,0.5263293073210211,0.0001,921,794,1,865,280,8,3,7,0.04513337341178228,5.406030416916337,9.873707294464111
20,elasticnet,0.4345463566823823,0.0001,956,537,-1,861,632,6,4,7,0.09805363519669831,49.74358203042619,4.414455890655518
21,elasticnet,0.4432927448258932,0.0001,727,941,8,686,647,7,4,8,0.09716899291506315,56.635157893323054,2.7080767154693604
22,l1,0.2160978940494742,0.001,328,34,1,538,364,2,3,9,0.010718758714768363,20.043645079659015,0.3780393600463867
23,elasticnet,0.3769574029147127,0.0001,106,623,2,590,292,8,3,10,0.06129221443038938,81.64149306683589,0.7028930187225342
24,l1,0.7100412102450089,0.01,951,557,1,402,736,7,2,9,0.013758686762367502,96.34849936468113,10.654564619064331
25,l1,0.44424189920846846,0.001,983,961,2,770,799,9,5,9,0.03221448372855811,90.03592406553527,18.028804540634155
26,elasticnet,0.7815120568448982,0.001,936,994,8,639,114,2,4,10,0.02897075876390458,50.54687237340565,0.560347318649292
27,l1,0.35302484881109786,0.01,867,540,8,851,154,10,4,11,0.0390684466568464,56.08652785752826,2.007802963256836
28,elasticnet,0.33774847464032376,0.001,385,786,4,722,649,8,3,9,0.06148966456934564,42.21558822388037,2.9074738025665283
29,l1,0.190945599065146,0.01,828,212,1,886,596,10,5,10,0.08649679280915358,83.1139591346572,25.188620805740356
30,none,0.37085527224030923,0.0001,768,811,2,790,197,5,5,8,0.09040514751173181,54.11185302213329,0.9040074348449707
31,elasticnet,0.4665676008680666,0.0001,282,731,2,641,431,3,5,6,0.04622242190613834,99.92001537410941,1.2037639617919922
32,elasticnet,0.3476680686465984,0.01,160,311,8,715,598,9,5,11,0.07097792573511091,8.369958233575417,0.9051880836486816
33,l2,0.8656025301079199,0.001,177,633,2,742,660,7,4,11,0.09282922252376316,72.73613870387048,0.5032317638397217
34,l2,0.4909080618953995,0.0001,338,998,-1,755,473,10,2,10,0.07917955336379703,11.396117670469305,0.3086965084075928
35,none,0.8558288152890633,0.001,482,541,1,184,155,6,4,11,0.04338555844159928,61.752713729781,0.12020063400268555
36,l1,0.7638242853393233,0.0001,363,88,8,553,292,4,4,8,0.009170043039172493,88.13497219662176,0.503915548324585
37,none,0.765380123231418,0.01,666,689,4,896,115,4,2,10,0.0651254222581041,93.12742015800744,0.30281877517700195
38,l2,0.6227183724196204,0.01,407,716,-1,989,888,5,3,10,0.09978589423443156,4.079502004587823,0.507683277130127
39,none,0.6078682430192985,0.0001,669,89,1,520,100,8,5,8,0.033917804392746734,74.19932455419156,0.6017816066741943
40,l1,0.15566884497245814,0.001,561,805,4,289,816,7,2,9,0.02648824810600625,81.9506471544888,1.6047289371490479
41,elasticnet,0.6828495660756693,0.01,973,558,4,428,784,3,4,9,0.0408637117069423,89.92920770812226,2.506636619567871
42,l1,0.7677678524436069,0.001,484,75,4,881,381,3,3,6,0.016455827047581386,79.16094834671328,1.3050613403320312
43,l1,0.3180328182429844,0.01,573,788,-1,975,476,3,3,10,0.04421467451416024,49.05092204661236,1.9112470149993896
44,none,0.21011238087395415,0.01,842,974,4,465,312,7,5,12,0.06671467768463435,61.244404885724514,0.4033327102661133
45,none,0.539103312693585,0.001,538,257,1,222,573,7,5,9,0.04859208425349381,82.96981818316037,0.6055850982666016
46,l2,0.4249627493989073,0.001,962,855,4,410,826,4,2,8,0.021471155302907476,58.304134146042635,0.5032432079315186
47,none,0.8214721424214497,0.0001,494,872,-1,763,373,5,5,11,0.052227604061955896,4.1570564954368,0.307858943939209
48,elasticnet,0.7160629454092872,0.0001,673,97,-1,174,735,10,2,11,0.006995582503621489,8.42177362356233,1.0088324546813965
49,l1,0.18125047510872916,0.001,345,982,1,583,292,6,3,7,0.09365502414739275,78.03622632497637,1.9846885204315186
50,l1,0.7623439261409601,0.001,862,236,2,762,803,6,4,10,0.05012999563615042,83.9332682299012,9.717679977416992
51,l1,0.17000576318993427,0.001,938,66,-1,755,438,8,2,9,0.08259927283469415,7.371330989261753,2.3132832050323486
52,l2,0.11644369779190633,0.0001,699,737,8,895,258,4,5,11,0.013566095260772638,39.05037159620753,0.40395593643188477
53,elasticnet,0.8675721802973844,0.001,289,955,1,387,463,3,3,10,0.06403230843625628,61.81194678433252,1.081496000289917
54,none,0.8269262894714179,0.0001,231,222,-1,679,161,6,4,10,0.07564057461054739,29.184792295451725,0.1073455810546875
55,l1,0.7081591375948947,0.0001,414,444,8,258,200,10,5,11,0.02262461569177492,77.70037663460326,0.4037034511566162
56,elasticnet,0.5733786519095742,0.01,535,751,2,354,918,3,3,8,0.07369105885437459,22.099628252021898,2.3054516315460205
57,elasticnet,0.3029775971226599,0.001,387,656,4,431,584,10,5,9,0.08819041029933938,94.58939050685902,2.3067221641540527
58,l1,0.8262706695933607,0.0001,629,843,4,984,596,9,5,11,0.08097706407582782,46.93922232187749,6.613850355148315
59,l2,0.30358074588030953,0.001,680,986,8,888,604,3,3,10,0.04246492181107891,27.60526929953487,0.504662036895752
60,l1,0.6771809826626602,0.0001,360,720,8,705,680,5,5,10,0.08566108552944658,66.67764714151201,1.2056427001953125
61,elasticnet,0.5268732146176893,0.001,719,632,1,450,445,8,5,12,0.0381460747729899,94.11114559812489,7.996671915054321
62,l2,0.8043934015258869,0.0001,135,586,4,979,565,3,3,8,0.050924043678966295,40.629474837915986,0.20422577857971191
63,elasticnet,0.5780123667682796,0.0001,409,746,8,406,310,5,3,8,0.04515291853270223,4.747668788176881,0.5039606094360352
64,elasticnet,0.1254175597853009,0.0001,808,198,1,568,208,5,4,9,0.010370596275317157,96.26095818529616,3.7961463928222656
65,elasticnet,0.5423850840286717,0.001,947,904,2,492,784,8,5,11,0.04642771339689727,92.99064663309483,11.122513055801392
66,none,0.20447787934157946,0.001,295,151,2,748,745,3,5,9,0.08565490133441707,30.292638748770212,0.5036725997924805
67,none,0.375567796809667,0.0001,588,76,1,296,523,8,3,8,0.07330097382106773,10.649799574581218,0.9228236675262451
68,l2,0.206714963150752,0.0001,289,861,8,673,1000,10,5,8,0.01797179230406838,14.193500329967037,0.604989767074585
69,l2,0.18930520225240885,0.0001,320,190,2,963,684,7,4,7,0.098630562989175,81.32491242898325,1.204300880432129
70,elasticnet,0.34282424630624075,0.01,121,210,1,929,945,5,3,10,0.0761780837448383,29.806603799726258,3.450880527496338
71,l2,0.28837912311714353,0.01,767,229,4,165,538,9,4,8,0.0565654027446936,35.75604215460787,0.3038003444671631
72,l2,0.11826055200437012,0.01,462,763,-1,543,205,7,4,8,0.0963996695399914,19.22552305851098,0.20818710327148438
73,none,0.3609817198167238,0.0001,658,635,8,916,660,8,4,12,0.05563670224450234,88.8111606361676,0.6048955917358398
74,none,0.6390390119400396,0.001,390,606,2,761,422,4,4,7,0.056406171114938834,56.68573925651431,0.5028784275054932
75,l2,0.8723228066900227,0.0001,856,514,4,894,411,4,2,10,0.012429185674018729,98.63948646956035,0.6034908294677734
76,none,0.21868300626458606,0.01,725,328,4,948,130,3,5,10,0.056025733799785316,88.1075143016121,0.3028743267059326
77,l1,0.6684722628948447,0.001,757,801,4,420,297,8,4,12,0.09492200572458025,6.988916714547001,1.40462064743042
78,none,0.609682059687009,0.01,468,860,-1,1000,348,9,3,7,0.03911339184439869,98.60813917959418,0.509986162185669
79,elasticnet,0.8491486640801518,0.01,186,502,8,505,586,4,3,9,0.06972960428467458,50.025884125048584,0.5042035579681396
80,l1,0.5973392106052324,0.001,958,725,4,873,422,5,5,7,0.03126119451220869,97.2024952673624,4.2101829051971436
81,elasticnet,0.24069608234372986,0.001,938,482,8,614,913,6,4,10,0.07991747216353229,80.23944484371447,4.311715364456177
82,l1,0.12657144004715282,0.0001,865,361,-1,284,779,7,4,8,0.022953021290718058,7.383987527313307,1.3109161853790283
83,none,0.3480712261960173,0.001,748,738,4,706,954,6,5,8,0.038320484901378564,35.85427025670711,1.3057687282562256
84,elasticnet,0.533828007395759,0.001,651,288,4,330,973,2,3,7,0.09279186484517538,89.42265236919347,1.446141004562378
85,elasticnet,0.4675859586603609,0.01,885,241,8,276,894,7,4,10,0.04891201926009581,90.74457447870074,1.8072638511657715
86,elasticnet,0.1185795347701995,0.0001,293,921,-1,509,405,4,5,7,0.03866701099490353,74.22592720816922,0.50948166847229
87,l1,0.2404286179156257,0.001,451,9,4,456,583,8,4,10,0.02800674504806827,47.353123227642364,1.6048338413238525
88,l1,0.8791771901336864,0.0001,842,638,-1,336,955,7,3,11,0.019374242711113356,29.815854652446777,1.81105375289917
89,l2,0.30865368022943696,0.001,999,656,1,633,953,8,3,8,0.021448503645765338,15.262094467934455,5.950839996337891
90,l1,0.23320392827736472,0.01,779,540,4,819,425,7,5,9,0.007043910202219017,72.75579879279452,3.9103968143463135
91,none,0.7365095753067232,0.01,849,299,-1,175,546,9,2,9,0.03139611936974414,95.13827145889395,0.20893120765686035
92,elasticnet,0.22444402461565272,0.01,759,989,4,599,149,7,4,10,0.0108893251819423,51.505597102781714,1.6045160293579102
93,l2,0.8004443035035561,0.001,276,794,2,623,315,7,2,9,0.010254451209575521,62.328116332834774,0.40236377716064453
94,l2,0.8778920528709709,0.0001,776,781,8,972,823,5,3,8,0.005175103657367508,38.57353942408766,0.9059770107269287
95,l1,0.1319023393377978,0.001,912,744,4,513,272,3,3,9,0.08345159115016086,45.763748495720165,0.9037139415740967
96,elasticnet,0.13339103598224675,0.0001,291,992,2,212,501,3,3,8,0.06615758412186225,21.090245035850057,0.502495288848877
97,none,0.2127825518793225,0.0001,409,616,-1,727,244,3,2,8,0.09358663637851866,72.99960860326753,0.20806145668029785
98,none,0.7702476299522705,0.0001,563,42,8,337,473,5,3,6,0.049790131958001686,41.45833534798479,0.2035694122314453
99,elasticnet,0.733463840692285,0.001,293,50,4,632,351,7,4,7,0.05985368492854518,32.42610194142526,1.1042490005493164
100,none,0.49577015117855705,0.001,172,144,1,528,271,10,3,9,0.04572044420834936,76.07178212115791,0.3826169967651367
101,none,0.4054581179804414,0.0001,619,46,4,777,545,2,2,7,0.06437834797245681,47.95285397138567,0.33396434783935547
102,none,0.7516871311131782,0.001,910,407,8,668,541,8,5,11,0.05420670061247549,80.16235359632812,0.6048204898834229
103,l1,0.19137063112408204,0.0001,444,116,1,767,866,8,3,8,0.07847626078334391,54.51168824957461,12.909716844558716
104,l2,0.6621535347183695,0.0001,692,604,2,682,657,2,4,9,0.003296447635920763,81.72355002297887,0.39254045486450195
105,elasticnet,0.4448175211042923,0.0001,506,813,1,449,834,5,5,11,0.016107396326326084,45.86876633657945,6.578579902648926
106,none,0.7781391924251061,0.01,195,199,1,614,931,2,3,5,0.019359782937811088,26.359823268463185,0.13925528526306152
107,l1,0.3760836967503164,0.0001,962,852,2,669,727,10,5,12,0.01961828274957418,64.4463821472151,14.322986841201782
108,elasticnet,0.3584546388998655,0.001,870,307,-1,113,878,9,2,9,0.04900515896326333,11.225949599964556,0.8105068206787109
109,elasticnet,0.7907457900279206,0.01,156,40,1,393,804,3,3,10,0.045386456528810126,10.922843561722209,0.960015058517456
110,elasticnet,0.4575619923587907,0.0001,291,291,4,277,780,4,3,9,0.059636640356206055,6.5923637123049215,0.5030288696289062
111,l1,0.40814117442872955,0.001,900,17,-1,694,119,2,4,9,0.026451591922016817,79.54344679950853,0.6802630424499512
112,none,0.4359257885056762,0.0001,223,330,1,773,529,4,4,11,0.04948652385969504,71.2545444580399,0.4697718620300293
113,l2,0.7055166818113597,0.0001,106,206,4,654,522,7,5,8,0.061043121538029835,25.40245413985396,0.10339951515197754
114,none,0.44913744918838483,0.001,838,936,1,981,585,6,4,8,0.026968177373925085,94.17478596923368,3.7489848136901855
115,none,0.3532630574603004,0.001,221,110,8,732,131,5,2,10,0.03968535333314676,27.1634100096754,0.10457253456115723
116,l1,0.16989309397875257,0.0001,881,542,2,329,120,7,2,6,0.09818749168710544,2.1016344655513204,1.1033387184143066
117,none,0.5871032655574545,0.01,977,336,1,815,623,9,5,11,0.09160689434439917,58.24175479009647,6.1458282470703125
118,l1,0.4377512947279566,0.0001,937,902,1,861,877,9,2,8,0.09448686171066226,5.702438273126642,34.65981698036194
119,none,0.33134161845782406,0.0001,189,364,2,206,951,9,5,10,0.0918141201863834,74.46721301332904,0.3029298782348633
120,l1,0.28990041292683283,0.01,282,695,8,601,880,9,2,8,0.0028027278008518675,82.7237288438094,1.7068214416503906
121,l2,0.12098709026195698,0.01,466,522,2,800,630,5,5,11,0.03665750041030985,78.56336811071544,1.0039458274841309
122,l2,0.8962678960310584,0.001,774,221,4,631,859,7,4,8,0.006693299529146124,89.74794414383193,1.104738473892212
123,l2,0.541333802276961,0.001,881,262,2,692,777,6,2,8,0.06535196895154675,16.21881747003576,2.0053625106811523
124,none,0.6837025368236194,0.0001,699,895,-1,110,553,7,2,10,0.036770890681676306,98.44446621106829,0.10752344131469727
125,l1,0.38386190447631974,0.001,560,654,2,279,391,8,5,11,0.02351490369813185,89.94926559980965,1.704115867614746
126,l2,0.7136991458696852,0.001,685,644,8,452,479,8,3,11,0.06659673261400544,76.31820344690071,0.30362868309020996
127,l2,0.36850067293390354,0.001,581,428,-1,870,883,4,5,7,0.08735142920739458,49.70427431118646,0.7086820602416992
128,elasticnet,0.8663427731672388,0.01,908,551,2,866,951,10,3,7,0.006903787776735993,29.274021188727477,27.242566347122192
129,l1,0.17796681852059246,0.001,108,601,2,992,549,9,3,11,0.08391143406594584,38.380653062497906,1.9058585166931152
130,l2,0.8526136974604389,0.01,705,557,8,843,144,2,5,8,0.04295944347616024,19.464289829486514,0.19001412391662598
131,none,0.18864200759159788,0.001,429,97,8,668,100,3,5,7,0.07242032577821471,27.846933571386177,0.1037144660949707
132,l1,0.5248453623411622,0.01,658,412,1,801,215,3,4,6,0.008887059330818093,17.681364270416687,2.062579870223999
133,elasticnet,0.8728844772654679,0.001,382,196,4,438,280,10,3,11,0.07892276196089147,45.50682798509042,1.2051870822906494
134,elasticnet,0.12742043987691265,0.001,708,130,8,528,317,8,5,10,0.002357452421576967,44.40493263469935,1.2058141231536865
135,elasticnet,0.471406120162013,0.01,837,54,4,652,330,6,3,7,0.07489612514339879,47.81440019532431,2.907541036605835
136,l2,0.6522284715990623,0.0001,972,381,1,655,978,10,3,11,0.05949745433035833,99.36957614842109,7.682250499725342
137,l2,0.3073693885776423,0.0001,985,24,4,267,617,5,3,7,0.057824863919939476,77.52672504266684,0.5039265155792236
138,elasticnet,0.5897107365913871,0.01,517,589,2,864,796,7,2,6,0.04333643529494916,58.17131296125932,9.917641162872314
139,l1,0.5013191985410059,0.001,388,72,4,216,827,9,4,9,0.0764085929375607,93.25210405934529,1.2050528526306152
140,none,0.5929893751053131,0.0001,114,492,1,461,994,7,5,8,0.06242676306510672,21.79036450478995,0.4550974369049072
141,l2,0.7979611503624913,0.01,103,403,1,981,605,9,5,10,0.09751924858505873,60.72513854719786,0.7723405361175537
142,none,0.270794892384309,0.01,188,441,8,100,647,4,2,10,0.0439155975134937,86.91676868514661,0.10368537902832031
143,l1,0.850415339715198,0.0001,731,29,8,920,841,4,2,10,0.05539340341722816,98.88812199974849,3.5097973346710205
144,elasticnet,0.3659652564855065,0.01,964,767,4,185,143,3,4,7,0.09992367935784296,5.624675238464318,0.2024836540222168
145,l1,0.5063642702726153,0.0001,865,395,8,996,430,4,5,10,0.08264297605317798,73.24945233652299,2.7081081867218018
146,elasticnet,0.7643684386576627,0.01,180,835,4,874,127,5,4,9,0.09619489300315587,73.17329885700646,0.4030778408050537
147,elasticnet,0.45417628156321443,0.001,771,159,4,536,608,7,5,8,0.08151465009739871,71.23593978757764,3.9088470935821533
148,elasticnet,0.6381517360654578,0.001,482,67,2,356,954,3,5,9,0.042898659209282236,59.67050728740894,2.406546115875244
149,l2,0.16922987793983513,0.01,595,608,-1,710,931,3,2,7,0.01092879978568878,73.35251301151605,0.6106319427490234
150,elasticnet,0.7326440323297947,0.01,389,592,-1,350,873,9,3,11,0.018424644139495516,24.808137904864722,1.1094074249267578
151,l1,0.7963275561885073,0.01,422,988,2,461,523,8,5,10,0.0876338203519854,29.892413984485678,2.806102991104126
152,l2,0.1264350715049136,0.001,827,554,2,894,179,10,3,7,0.04325864745831496,33.568179902979836,1.504453182220459
153,elasticnet,0.2436466402675193,0.001,592,895,-1,122,279,6,3,9,0.09209308219242397,4.80235234144747,0.2087574005126953
154,none,0.572774366860046,0.0001,394,234,8,498,728,3,4,10,0.05968011306584543,44.62903733630395,0.20377182960510254
155,elasticnet,0.22585089333585628,0.001,960,552,8,820,347,7,4,10,0.011911264289638714,14.2837899830215,2.507460832595825
156,l2,0.6458722685038019,0.01,245,66,8,562,218,8,3,9,0.09589699337382732,17.805183610286154,0.10389304161071777
157,elasticnet,0.8303752325538006,0.01,433,686,1,213,816,9,2,8,0.03221664845380321,39.71808876098913,4.615636348724365
158,l2,0.26410797496673216,0.01,693,701,-1,995,658,8,2,7,0.09691178129178912,87.37593606920242,0.8084614276885986
159,l1,0.4259073039335972,0.01,107,866,8,457,780,9,5,8,0.010082362483545527,54.00219785415945,0.504711389541626
160,l2,0.21445196133299638,0.01,684,496,-1,506,188,10,4,9,0.07374777347069934,18.130437371990087,0.20768523216247559
161,elasticnet,0.5056420346526234,0.0001,533,36,1,266,450,7,3,9,0.08798226813474225,61.647394086713874,3.1170670986175537
162,elasticnet,0.43878862674538344,0.001,424,174,1,931,650,8,2,9,0.06387098560732599,96.25488815081245,14.209397554397583
163,elasticnet,0.8758652148493549,0.01,338,493,2,740,715,6,2,6,0.06928586905657173,22.847554275016332,4.010477781295776
164,l2,0.4547531639464778,0.01,737,1,-1,417,602,7,5,8,0.07936538460443207,55.328654685448974,0.30855894088745117
165,l1,0.16789299462526497,0.01,151,974,2,343,842,8,5,11,0.014192504775635707,74.00481498687708,1.1036152839660645
166,elasticnet,0.38453698966834693,0.001,894,878,8,283,268,3,3,10,0.08262959890380234,53.51746297304429,0.6041059494018555
167,l2,0.4185547083473802,0.0001,345,873,1,990,255,6,5,8,0.04411343371575385,99.17874283510677,1.0590088367462158
168,l2,0.33919744252720496,0.001,188,645,8,514,837,5,3,8,0.030145107143572183,87.65873039919394,0.20330357551574707
169,elasticnet,0.4968085079464788,0.0001,260,637,8,199,755,10,3,11,0.06030046478402893,82.45877090609825,0.7043275833129883
170,l1,0.46953932624085837,0.001,446,433,4,894,882,2,4,10,0.0004650796589831918,63.71655616555726,1.9110898971557617
171,none,0.31820390346721317,0.01,871,816,8,394,888,3,4,6,0.02120754685192209,49.20488085692786,0.40422558784484863
172,none,0.7746304209392735,0.001,710,732,4,606,220,7,3,8,0.052014876465023265,71.95710340243996,0.5030763149261475
173,l2,0.8513221162065466,0.0001,107,99,8,861,679,3,5,8,0.08995781313493831,78.71101767456332,0.10403847694396973
174,none,0.8077531199749542,0.0001,112,41,2,960,339,5,2,6,0.09178893099340889,10.716041550118627,0.20242857933044434
175,l2,0.493944339828552,0.001,726,183,-1,809,511,10,4,9,0.02729789982189801,99.47137918416806,0.6083979606628418
176,l1,0.2593316540381553,0.001,581,557,8,691,333,2,5,6,0.04437168451652537,70.94418883982956,0.7447712421417236
177,l1,0.776738101987142,0.001,464,899,8,375,437,5,3,9,0.052229412314134506,45.90508943097817,0.5033156871795654
178,l2,0.7037286713861789,0.001,881,758,-1,748,511,2,3,6,0.07623640956937634,35.20379010729558,0.4335808753967285
179,l2,0.8347398056419546,0.0001,325,223,1,242,798,4,2,10,0.03670163433914092,31.665837227926502,0.31337881088256836
180,elasticnet,0.23663184225968578,0.0001,102,476,2,231,922,3,4,6,0.010537961230088834,83.58408220440485,0.402310848236084
181,l1,0.661800196522383,0.01,359,608,2,400,568,3,4,10,0.06764593284749991,50.9025152818124,1.0033411979675293
182,elasticnet,0.4718318091832394,0.01,682,142,8,160,417,10,3,10,0.04879890856642688,33.22800425174283,0.8045191764831543
183,elasticnet,0.3641119873487825,0.001,434,508,8,246,796,3,4,8,0.05639806672086344,66.52374074842265,0.7044293880462646
184,elasticnet,0.8223197676413765,0.01,468,664,-1,813,978,5,4,8,0.006825236522372269,54.58936295681666,2.814450979232788
185,l2,0.24214688282078614,0.0001,849,936,4,271,286,6,2,6,0.011126510659291067,66.99709840628935,0.20338225364685059
186,l1,0.35279459867917484,0.001,880,114,1,419,247,4,5,7,0.03556089942705167,69.19643844797184,2.027327299118042
187,elasticnet,0.14341235995075038,0.01,255,868,-1,494,735,7,5,11,0.07708077736334004,77.81842067086004,0.8079016208648682
188,l1,0.7893052022131829,0.001,671,381,2,105,942,3,2,9,0.008725778800928763,16.885760855310757,0.8030540943145752
189,l1,0.7970117575258904,0.01,225,247,-1,663,790,2,5,7,0.0901361657529488,4.087041633400445,0.6530272960662842
190,l1,0.686720030549171,0.01,554,239,8,645,742,10,5,11,0.07056676678847931,14.460532777094096,3.2107784748077393
191,l1,0.25344470006031444,0.01,674,488,1,826,442,10,5,12,0.0919801684661043,36.94557970470324,14.308940410614014
192,none,0.2701947974503741,0.01,987,129,4,553,118,10,5,11,0.024521667653216242,17.250510124857424,0.5040485858917236
193,none,0.21938260450996233,0.001,521,265,-1,635,851,8,3,7,0.005625881769011887,23.132721658624604,0.5098285675048828
194,l1,0.593667804247402,0.0001,831,271,4,811,992,6,4,8,0.0022001433257694547,39.47480391375562,7.615051031112671
195,l1,0.5999236430080808,0.0001,442,925,1,388,144,9,4,12,0.09864972510333732,81.77129250969566,1.4991745948791504
196,l2,0.7653138158349856,0.01,209,92,1,487,993,5,3,7,0.024756319686369124,16.073499227998518,0.6267919540405273
197,elasticnet,0.5661917427598891,0.01,478,479,4,825,916,2,5,9,0.05181754543705511,22.719014772075692,2.253744602203369
198,elasticnet,0.5205293437795285,0.0001,546,159,-1,648,877,8,4,11,0.037533991777826486,12.596311616763712,2.5150909423828125
199,l2,0.6811948891047337,0.01,615,41,8,835,968,4,4,8,0.03786866941148616,76.14430324896632,0.7061080932617188
200,l1,0.1047569726875942,0.001,816,698,2,709,649,2,3,6,0.09096802359307715,31.686328614606296,2.124569892883301
201,elasticnet,0.2632359551143699,0.0001,396,56,1,228,377,2,3,8,0.09625129954109479,17.19418181662814,0.23970365524291992
202,l2,0.3537540661228652,0.0001,771,710,1,587,673,9,4,10,0.02778595802540487,87.40698920265044,3.451908588409424
203,l2,0.6018719749362708,0.001,440,915,1,354,958,9,2,7,0.052771810850225066,40.4871549198924,1.6578505039215088
204,l1,0.8237993027367126,0.0001,649,405,4,433,610,3,3,7,0.07808736678399726,47.12155139445214,1.104804515838623
205,l2,0.8577845832332918,0.01,906,957,-1,170,255,7,4,8,0.09642682398843584,87.47826596504157,0.107818603515625
206,none,0.8902970191573856,0.001,319,173,-1,201,813,6,3,11,0.04975054602320637,15.296859343523856,0.10725212097167969
207,l2,0.42755565861382216,0.01,357,446,2,974,619,7,4,8,0.013651033383545785,29.30393642286195,1.2044808864593506
208,elasticnet,0.20658987373131482,0.001,283,573,1,155,102,9,5,11,0.08009254063297269,49.90142967631768,0.29526495933532715
209,none,0.28396959038493985,0.0001,733,646,8,795,355,10,5,8,0.06404990092499006,58.05266140660743,0.8046267032623291
210,l2,0.5516020237920932,0.01,113,943,1,377,988,3,4,6,0.04491077163333054,33.73631680033075,0.15818166732788086
211,l1,0.8412596356730938,0.0001,513,135,2,234,949,2,5,10,0.023122336320453452,21.755904754959207,0.6256504058837891
212,l2,0.8836458626963509,0.001,850,424,1,377,579,2,3,6,0.09570394472490269,8.534303195104645,0.23484063148498535
213,l1,0.6889750181092928,0.0001,425,124,8,308,796,3,2,5,0.09027198346266226,61.58512103055629,0.7037601470947266
214,none,0.24108648752262074,0.01,755,904,2,528,382,10,5,11,0.045647421185978955,47.76189130022556,1.303739309310913
215,l2,0.7241782105061682,0.01,537,572,-1,112,538,7,3,9,0.03334984778664287,35.905683206151316,0.10715770721435547
216,l2,0.1295120902821963,0.01,577,315,4,527,653,3,4,8,0.08138171410733275,59.462665231539575,0.3029446601867676
217,l1,0.45890907766491706,0.01,141,737,-1,141,430,9,4,8,0.07691022779292221,49.31175810924537,0.10741925239562988
218,elasticnet,0.15663124260513303,0.001,863,34,8,153,599,3,5,10,0.0081185720612605,58.65943816941879,0.7043435573577881
219,l2,0.22645705646327174,0.0001,302,387,-1,492,439,8,4,10,0.010203181760176084,31.431692303807626,0.2075972557067871
220,l2,0.3967154631004485,0.01,372,145,2,674,138,8,5,9,0.07426437545523346,99.02982838847213,0.4024529457092285
221,elasticnet,0.6261657802913727,0.0001,221,41,8,711,220,6,3,10,0.06843700970866277,96.0928508797896,0.40419554710388184
222,elasticnet,0.258453450183217,0.001,827,675,4,769,311,8,3,10,0.03043364775330696,19.645435339030797,3.207444906234741
223,l1,0.5656626075802963,0.001,393,599,-1,432,810,9,3,7,0.07022162814633323,69.88694112387113,1.0099401473999023
224,none,0.41303841132486363,0.001,894,835,2,104,558,3,5,10,0.0716614445770313,90.08493936528183,0.20209956169128418
225,l2,0.5499153516382241,0.001,153,389,8,122,997,8,5,11,0.03225352155376665,87.65179611931359,0.10327720642089844
226,none,0.21345632866688213,0.001,152,955,8,103,580,6,2,7,0.0608692939095401,19.81709474941715,0.10331320762634277
227,l2,0.301855314292036,0.0001,152,277,8,651,753,6,4,8,0.05808079019623938,41.82658722551527,0.10385847091674805
228,elasticnet,0.5561203706789659,0.001,473,474,8,590,127,9,3,11,0.0558196267720768,86.97189915646833,0.7042505741119385
229,l1,0.3166240197472667,0.0001,633,309,-1,479,472,8,3,9,0.04686609575467629,58.62611564860926,1.1098337173461914
230,l1,0.5500045811032489,0.001,479,481,4,308,297,3,2,7,0.045587041607993865,14.512816030489038,0.3037443161010742
231,l1,0.3803012432976217,0.01,115,207,2,175,680,9,3,9,0.07119710293113543,58.83797459968731,0.402446985244751
232,none,0.5254533332167161,0.01,603,292,4,311,198,4,4,9,0.01708857185942525,39.70125956230075,0.10239195823669434
233,l1,0.3809095645300721,0.001,323,768,8,551,950,6,2,6,0.0395083538612278,72.2394632171562,1.2057507038116455
234,none,0.5266158130268178,0.001,648,895,1,141,845,2,2,7,0.065492942499997,8.05319804335247,0.09664607048034668
235,none,0.6379151772556828,0.0001,199,856,-1,555,829,9,2,10,0.030205588381164383,63.10766714456351,0.2088913917541504
236,l1,0.6629350977645654,0.001,573,927,4,933,726,2,2,6,0.018096685922015687,44.294349617420345,2.1224770545959473
237,l2,0.41924729278077244,0.001,244,819,1,595,867,3,5,8,0.022633558332536288,17.34952394129093,0.47243261337280273
238,l2,0.46301307129553404,0.001,375,949,1,920,219,8,4,11,0.03952148114682174,52.40669134058462,1.1094911098480225
239,elasticnet,0.2576719516899044,0.01,873,263,1,379,259,9,4,11,0.038463372613141936,63.2049362426962,5.111808776855469
240,elasticnet,0.5282006557805844,0.01,631,934,4,447,902,2,3,7,0.06471450385684106,90.02432770543838,1.714421272277832
241,none,0.2689620360839934,0.01,667,159,4,670,308,6,3,7,0.05759797714390084,40.648701980112676,0.6040012836456299
242,l2,0.7090149857816743,0.001,208,482,2,635,849,7,2,10,0.009774322770270261,15.234230960664489,0.6034440994262695
243,l1,0.26628337506342026,0.01,604,2,2,947,711,10,3,8,0.07778009644582368,70.02027112054844,13.12324333190918
244,none,0.6071533916120477,0.0001,598,707,2,359,317,4,3,7,0.09949408549366112,60.451248961673016,0.3036799430847168
245,elasticnet,0.4541227614068222,0.001,750,990,1,839,555,5,3,10,0.01462929543535927,47.545220393887256,12.00586462020874
246,elasticnet,0.34617431965260703,0.0001,445,732,4,219,838,8,3,11,0.08888606221742625,87.66276036802934,1.3052465915679932
247,l1,0.15392329836779617,0.0001,343,328,2,739,1000,4,5,8,0.0913911519158001,85.85950383553183,3.00759220123291
248,l2,0.4553401378670612,0.0001,840,589,4,564,532,8,4,9,0.011776700227639138,26.461881681706842,0.8043596744537354
249,l2,0.8128967993563387,0.0001,555,541,-1,825,282,7,5,12,0.012398543777902261,73.46217275599204,0.40904736518859863
250,l2,0.4631071850109628,0.0001,876,295,2,343,294,3,5,10,0.09430945846070943,64.38227432169435,0.30239319801330566
251,l1,0.5428561353246224,0.01,292,420,8,958,451,10,3,10,0.04355785070634736,76.83492591357765,1.8071098327636719
252,elasticnet,0.3342120942130231,0.01,376,867,-1,246,344,6,2,7,0.08636433176261898,98.21859085620441,0.30951523780822754
253,elasticnet,0.8168845648561165,0.001,205,542,8,604,513,10,4,10,0.0383796817524026,32.50078105191439,1.105271339416504
254,none,0.2817294258016661,0.001,614,358,2,457,301,7,2,7,0.05639987444777392,28.153323901209966,0.5024499893188477
255,l2,0.213445004193653,0.001,983,501,8,593,449,5,3,6,0.025675032449043844,24.288953459871237,0.4037342071533203
256,elasticnet,0.4117298857799382,0.0001,530,508,1,298,806,9,2,7,0.09944257218169278,75.9669590277855,7.961787462234497
257,l2,0.8542512580087473,0.01,267,586,1,857,906,9,2,11,0.04883654702755319,83.1574882280945,2.3274550437927246
258,l2,0.23267012526763475,0.01,822,93,4,227,280,10,5,9,0.0055867645694754,92.82015222930463,0.3033943176269531
259,none,0.2732034276299883,0.01,562,684,4,420,127,5,3,6,0.06116040346654792,92.81157275820225,0.20249295234680176
260,l1,0.3574097713763694,0.001,614,601,8,961,261,7,3,10,0.014543625963910935,59.52927707377183,1.4071846008300781
261,elasticnet,0.8793032782639728,0.0001,693,848,4,139,604,5,3,9,0.08836883844397625,29.640566218982208,0.9042344093322754
262,l2,0.18561356079909094,0.0001,300,735,4,546,709,10,2,9,0.03713655788166217,61.71630324790307,0.5036337375640869
263,elasticnet,0.5267902925343443,0.01,520,82,-1,826,251,3,3,8,0.05181216995597498,40.307477698614726,1.0091896057128906
264,l1,0.43791252914229284,0.0001,729,58,1,264,610,2,4,6,0.08344932748531336,71.03046769657138,0.6314926147460938
265,none,0.5796404928761751,0.001,135,1000,8,621,639,10,2,9,0.084696681127097,92.02280648527876,0.203840970993042
266,none,0.5631754082508357,0.0001,297,867,4,688,223,6,5,7,0.08633608642692062,40.46005809608492,0.20263934135437012
267,l2,0.8698991953075892,0.01,784,328,1,988,672,8,3,8,0.0874512961686986,19.0230940158386,5.284466028213501
268,l1,0.7267294636348363,0.01,525,342,-1,601,507,10,3,8,0.08912108150321627,23.01842919163076,1.3090581893920898
269,l1,0.5040717870180715,0.0001,808,580,-1,413,612,2,2,6,0.06960853783966729,82.08141410369863,1.1026954650878906
270,elasticnet,0.6705073238928987,0.0001,703,59,2,273,279,5,2,9,0.023497240794872032,30.273037528140794,1.3045251369476318
271,elasticnet,0.6037226709907044,0.01,836,293,-1,369,117,8,5,11,0.06545198645877313,93.96110909771731,0.6086134910583496
272,elasticnet,0.6029588224920704,0.001,794,283,4,344,439,6,3,9,0.06478762193845909,57.225847782144044,2.005967140197754
273,l1,0.5407302046653365,0.0001,580,946,8,280,359,3,2,6,0.041096027600383625,31.014991029733515,0.40436816215515137
274,l1,0.7630654848625498,0.01,993,862,8,639,701,5,5,8,0.004838267441750166,2.0574632747471666,2.8085217475891113
275,elasticnet,0.6170371256724615,0.0001,536,761,8,138,186,8,5,9,0.01022948268260352,8.048711186321425,0.20386600494384766
276,elasticnet,0.6823302579137946,0.001,306,393,1,586,930,10,3,8,0.0811061460809339,63.57705413672486,11.549251556396484
277,elasticnet,0.6932863356493985,0.0001,462,621,4,832,101,5,2,6,0.06400975549161725,32.80530817302885,0.804394006729126
278,none,0.27094315520973633,0.0001,123,849,-1,844,127,10,5,8,0.027965427105327324,45.92429954545563,0.10759782791137695
279,none,0.1380152303873069,0.001,470,141,2,467,586,6,2,6,0.017550371322362868,7.089536258564589,0.6029171943664551
280,l2,0.45154257612144644,0.01,752,164,4,683,519,8,5,8,0.09531736757451692,70.48818680824628,0.8035857677459717
281,l1,0.776230968769072,0.01,305,25,1,355,964,6,3,8,0.014793326653496608,55.89243652604159,3.404470205307007
282,elasticnet,0.4218348492907763,0.001,273,677,1,582,139,8,3,8,0.005061599278581842,19.406644888261273,1.3158214092254639
283,none,0.3755761837043974,0.01,139,852,8,248,439,2,2,7,0.08842578888895625,88.84287506304793,0.0205380916595459
284,none,0.4561527160954686,0.01,976,59,4,956,958,5,4,11,0.06123708960316679,63.13834895709213,2.4076411724090576
285,l1,0.19925949877778182,0.0001,569,863,4,445,974,3,3,9,0.09505260533279582,50.0668140484763,1.504990577697754
286,l1,0.3092514997014645,0.001,778,391,1,799,302,5,4,9,0.015451061856232262,82.09912188613876,5.5069074630737305
287,l1,0.44165539594862435,0.0001,837,28,1,347,796,5,3,9,0.09948447576857616,98.15284546538167,6.247674226760864
288,none,0.7753879749735182,0.0001,768,336,8,814,757,4,5,11,0.08600143190375023,87.74699773651501,0.7051961421966553
289,l2,0.2740712494686227,0.01,790,534,8,746,729,4,5,9,0.044697938265128315,66.99391135459243,0.6049685478210449
290,l2,0.7652208132850457,0.001,800,824,4,221,126,7,2,9,0.05243373669964722,10.510293075429072,0.10230016708374023
291,elasticnet,0.17617464274095218,0.0001,365,775,2,714,827,7,3,8,0.094209770297169,14.625491276872904,6.31220006942749
292,none,0.11295574757766094,0.01,489,981,2,678,498,9,2,10,0.0822748153753752,4.809377556464494,1.3047022819519043
293,elasticnet,0.8757784296481755,0.01,456,732,-1,706,684,3,3,7,0.08481284530984012,64.63121920854394,1.7098114490509033
294,l1,0.41278656208753595,0.001,529,578,8,207,539,5,4,8,0.09772317885396536,17.650480081013967,0.4042210578918457
295,elasticnet,0.43350407894198006,0.001,783,985,-1,396,465,3,3,8,0.023697176991657333,87.9982470430323,1.209336757659912
296,none,0.5610354615345274,0.0001,427,946,-1,220,596,5,5,11,0.014499666129092748,62.01320446260648,0.10556793212890625
297,elasticnet,0.5039956066535978,0.001,344,849,4,217,657,9,3,11,0.07457402341513131,88.0320894196407,1.103881597518921
298,elasticnet,0.23378871653771593,0.0001,616,565,1,281,634,5,4,8,0.03691688877799964,18.678012641180803,3.8072712421417236
299,none,0.5828800730655845,0.0001,926,876,4,736,947,9,5,10,0.0344847570536213,82.86012184298131,2.4080729484558105
300,none,0.43417141139985926,0.0001,582,618,2,329,807,2,3,9,0.08631307386760953,12.264908801217194,0.1912827491760254
301,l1,0.70537458048411,0.001,617,424,2,927,483,3,5,10,0.06705190984103804,7.466623126844647,3.3078455924987793
302,elasticnet,0.517250363248214,0.0001,152,300,2,925,794,7,3,8,0.07242624756934993,92.80356795904818,3.308806896209717
303,l2,0.6423425218428966,0.001,238,690,2,716,665,8,3,8,0.08828094077915849,7.693238456524668,0.6038503646850586
304,elasticnet,0.7146716641727489,0.001,222,703,4,801,933,4,4,10,0.08210359543333857,93.81580255268966,1.307037591934204
305,l1,0.6683025349651633,0.0001,616,989,1,625,466,2,5,10,0.07430449941709587,4.31648374491884,0.9786906242370605
306,l2,0.44099468612130754,0.0001,531,346,2,872,865,3,3,10,0.09546865869291216,25.587112409355147,1.1049551963806152
307,elasticnet,0.796891033858563,0.01,535,769,1,990,172,7,5,8,0.0016621483520442904,86.606535823213,4.810920000076294
308,elasticnet,0.3727319266642172,0.001,478,419,4,779,361,6,5,7,0.09697165660742563,4.322250273547947,2.1073248386383057
309,l2,0.6137900621714514,0.0001,765,485,1,582,810,2,3,9,0.08011499292173363,8.317359368131896,0.45099663734436035
310,none,0.5633048314510419,0.001,978,449,2,304,133,2,4,10,0.05110550598260819,60.03386954097821,0.0595855712890625
311,none,0.8232400107153116,0.001,865,555,-1,630,592,5,5,11,0.07999340898096156,6.0546560628987995,0.507925271987915
312,l1,0.868280794481344,0.0001,610,312,4,898,835,10,2,8,0.013573073360133593,23.75979831957154,8.11675500869751
313,none,0.78861629779875,0.0001,236,194,-1,667,786,7,4,11,0.028095451859905796,5.6215199590031535,0.31032252311706543
314,l2,0.2173978598055566,0.001,288,34,-1,945,845,4,2,6,0.0391693944796135,86.92928175795097,0.4092385768890381
315,none,0.8211030763229221,0.0001,592,488,1,686,197,2,3,7,0.01140474794932832,48.60620537112439,0.11365032196044922
316,none,0.20746004261897444,0.01,808,893,8,242,787,7,5,11,0.04646790325422293,86.5003880626495,0.3037374019622803
317,l2,0.22551689732283153,0.001,881,31,4,678,287,3,3,9,0.03831578832700164,45.629674240782414,0.4028310775756836
318,none,0.5504611991485406,0.0001,899,345,1,101,205,9,3,9,0.03717523617250751,32.009997198959894,0.23250699043273926
319,l1,0.10373057259660215,0.001,602,734,8,511,798,8,5,12,0.011285020467111873,67.87913646288966,1.7060561180114746
320,elasticnet,0.2770998201091369,0.001,349,22,8,187,179,3,4,9,0.08384122782570577,75.25448501946025,0.10331892967224121
321,none,0.8942219436063799,0.01,139,683,4,768,967,10,3,8,0.014289852686718497,58.91636278835778,0.5040841102600098
322,none,0.48142687144257945,0.01,300,110,2,352,470,7,5,8,0.0388754651313631,48.294303129340776,0.30239319801330566
323,l2,0.1948294997147656,0.001,658,521,-1,449,170,8,3,9,0.034593512429004325,86.83723069025747,0.2069869041442871
324,l2,0.34104621783279354,0.01,116,298,2,824,181,3,2,8,0.03935577597684589,23.982363619766453,0.10222268104553223
325,none,0.5601940633707123,0.01,646,38,8,522,159,6,2,8,0.002310324688491139,47.49787544002635,0.20317554473876953
326,l2,0.879644743758197,0.0001,371,215,1,480,798,4,5,8,0.009673326818818896,47.70009537367684,0.708979606628418
327,l2,0.6459460240773545,0.001,728,620,8,413,122,10,3,7,0.05357140915345481,79.57218658445196,0.3035616874694824
328,elasticnet,0.5836991033129569,0.0001,662,701,-1,390,620,8,4,11,0.08665627669800689,96.83373629840372,1.40901780128479
329,elasticnet,0.8983317993151931,0.01,982,970,4,145,603,9,4,10,0.003463822006071793,32.031132259747395,1.9053356647491455
330,l2,0.5347695308675328,0.01,219,868,1,439,962,7,5,11,0.09425649701056202,99.60196349544724,0.8032112121582031
331,l2,0.5770218253605761,0.0001,117,511,1,282,261,10,3,11,0.005915473407919591,72.78037416079125,0.12375640869140625
332,l1,0.5646030712325081,0.0001,255,457,4,399,621,2,2,8,0.04558289011788419,48.04716761460414,0.3570988178253174
333,none,0.2748316545635304,0.001,476,892,4,664,139,4,2,6,0.05921709810567204,92.7589463791234,0.20267176628112793
334,l2,0.15685208945128012,0.01,207,355,-1,429,887,2,5,9,0.05257803768846808,29.699416933458888,0.09872674942016602
335,none,0.403267276458547,0.01,610,705,8,631,167,2,5,10,0.07212443131696439,98.77593305027281,0.11897873878479004
336,none,0.48458570432097847,0.001,105,318,1,421,922,6,2,9,0.0647463683770601,27.913306112839965,0.30777478218078613
337,elasticnet,0.5159092860775808,0.01,859,336,2,931,954,6,2,7,0.0454720194257982,72.01273202294206,16.328429698944092
338,l2,0.1875858885607225,0.0001,371,55,1,134,591,5,3,10,0.01974286154724582,1.805874287433081,0.18941521644592285
339,l1,0.31307305146298525,0.001,450,504,1,706,517,4,3,8,0.07985143643970913,46.855636872591205,3.6605441570281982
340,none,0.6480317434109815,0.01,683,962,1,242,782,3,2,5,0.09941691427284799,59.1055838592724,0.4799532890319824
341,none,0.4634895679389398,0.0001,790,445,4,320,310,7,4,9,0.08751646223053579,42.332013154471,0.3029944896697998
342,none,0.7514326621323085,0.0001,475,92,2,214,491,8,5,10,0.038415342237510475,95.85203671885024,0.3051469326019287
343,l1,0.4725495981051734,0.0001,359,65,4,774,683,4,3,10,0.001681167184514154,45.645668772140354,1.2046277523040771
344,none,0.686315778809197,0.001,332,317,8,756,462,4,5,9,0.025512636472351483,16.942874631879807,0.2036423683166504
345,elasticnet,0.46785986929211787,0.01,935,190,8,435,492,7,2,10,0.0887163194876338,92.3342303111538,1.806389570236206
346,elasticnet,0.23873299588387786,0.0001,869,520,1,474,903,10,5,10,0.0781978163149837,54.37229316855851,25.807825326919556
347,elasticnet,0.25603726838524554,0.01,875,989,1,587,279,10,2,8,0.035791808647046855,25.978782335515966,8.465113162994385
348,l1,0.6427639054978387,0.0001,176,1000,4,632,372,9,3,8,0.08810656280003114,95.11219004490222,0.804142951965332
349,elasticnet,0.8198848698637454,0.0001,291,78,4,413,524,3,5,9,0.06784203636035334,81.91056758530992,0.6034059524536133
350,elasticnet,0.5146527001685253,0.0001,958,767,-1,961,539,5,3,8,0.013046459334129146,68.12005901230735,4.21463418006897
351,l2,0.8838931305494749,0.01,370,608,-1,934,369,9,3,8,0.09530861471562446,77.30154293577861,0.4068934917449951
352,l2,0.8990709873545163,0.001,255,446,8,108,185,5,3,9,0.013927878981683428,75.18023123813624,0.10294914245605469
353,l2,0.17974519895232774,0.0001,638,573,-1,273,537,6,4,8,0.041597630536077304,68.03515642410402,0.20752811431884766
354,l1,0.3520061257700422,0.001,325,443,-1,324,784,2,3,8,0.04294157176925367,78.35298996992901,0.4531581401824951
355,l1,0.5818745170689511,0.001,235,520,2,906,678,5,4,11,0.09114821320143808,11.79061278543465,2.6087536811828613
356,l1,0.1478735749675787,0.001,699,244,1,819,490,5,3,10,0.02033817036293295,41.007590260483866,7.742846488952637
357,none,0.6674439791941787,0.0001,797,313,-1,178,784,9,2,11,0.036445025122602295,7.893251093671026,0.30898499488830566
358,l1,0.1896351333024594,0.0001,663,934,-1,338,322,5,4,9,0.06929764026664725,6.2784003210280295,0.6073815822601318
359,l1,0.7808962613404845,0.0001,323,952,4,328,969,4,5,7,0.07451136378936886,49.96532974021448,0.7036981582641602
360,l1,0.21991278639572676,0.0001,941,23,2,396,258,4,2,8,0.04717610954547165,7.4388547515782735,1.5044658184051514
361,elasticnet,0.2903440048683782,0.001,984,853,8,312,945,7,3,11,0.06790954469135005,15.075851565987643,2.2083938121795654
362,none,0.5924265973842514,0.0001,597,925,8,825,849,8,2,7,0.06298321252878887,34.991963552813296,0.7063045501708984
363,l1,0.6268952923862037,0.001,465,809,2,206,797,8,4,10,0.024918274929587616,43.92012300477089,1.904524326324463
364,none,0.8152343011291514,0.01,935,601,-1,852,275,9,2,11,0.04512516366346826,12.46942193590463,0.6089475154876709
365,l1,0.6988087020499778,0.0001,840,43,-1,873,691,3,3,6,0.03306825943765231,23.55699923284722,3.2147059440612793
366,elasticnet,0.8309165157748315,0.001,107,128,-1,410,187,8,4,8,0.07965386187485651,52.12587610518362,0.20869731903076172
367,l1,0.42594767113192356,0.0001,515,560,-1,171,256,3,3,10,0.02513181657304794,34.78969077292542,0.2065563201904297
368,l2,0.7019201318954277,0.001,708,249,8,607,172,7,4,8,0.002529846884332077,77.7634787620365,0.30386829376220703
369,l2,0.7063463517905355,0.01,384,718,2,266,938,9,5,10,0.032010934767027176,65.15454663406169,0.7028627395629883
370,l2,0.8102550618038826,0.001,165,520,8,636,613,4,4,10,0.0628880248774392,25.77771873732453,0.2038099765777588
371,elasticnet,0.49287333900124164,0.01,220,117,-1,694,787,10,5,9,0.05143449430481056,40.72112606993357,1.1079800128936768
372,none,0.7860048900680273,0.001,955,142,8,946,449,4,3,8,0.09049209213368813,17.240574061215227,0.8051967620849609
373,l2,0.12353700077843738,0.001,969,642,4,421,474,9,2,7,0.0637357641936664,70.55547640850016,0.8036549091339111
374,elasticnet,0.7440734266963616,0.01,926,465,4,417,195,9,4,9,0.04651305470134377,41.968123076170826,1.805424690246582
375,elasticnet,0.16439817913964241,0.0001,538,827,2,983,951,8,2,7,0.05301545555068349,33.957928318650225,15.32679009437561
376,l1,0.4783784350571588,0.01,469,133,1,301,480,2,2,6,0.004951123146873915,66.53641286099128,0.36893153190612793
377,elasticnet,0.25759826605128244,0.01,284,488,-1,938,138,10,3,7,0.04286993671265804,78.47735548161313,0.6103634834289551
378,none,0.24939528217609414,0.0001,644,525,8,596,560,9,3,8,0.02414647507086999,11.261854501131943,0.6045100688934326
379,l2,0.5910927011781547,0.0001,574,75,-1,536,503,7,4,11,0.09979442572610786,35.38308314077436,0.30794739723205566
380,none,0.5503915127654604,0.01,197,171,-1,601,932,6,2,6,0.08260301817050875,48.378626400799334,0.20820140838623047
381,none,0.2419451785598355,0.001,460,502,4,996,297,3,2,9,0.041700145848883735,53.109445226722215,0.30312371253967285
382,l1,0.49187856593100576,0.01,770,483,1,797,737,8,4,8,0.02995169048521842,69.09366263965677,20.08930253982544
383,elasticnet,0.4277404270123345,0.01,666,159,-1,590,659,2,2,7,0.040450331255127064,45.47515857762378,1.628735065460205
384,l2,0.45838961991713045,0.0001,700,636,4,181,983,9,5,9,0.0710079988885114,53.57386641533612,0.5037274360656738
385,l2,0.10594531066635629,0.001,943,986,1,660,515,3,5,7,0.02428102913316639,52.74006267526497,1.238717794418335
386,none,0.5627415669758955,0.01,821,382,8,627,443,9,2,10,0.0634033331660619,91.84288186595617,0.7053611278533936
387,none,0.3787229336803497,0.0001,1000,238,-1,631,556,8,4,12,0.08144191357588043,50.060129605148745,0.6096320152282715
388,l1,0.8156471883468577,0.001,181,878,-1,836,451,9,2,7,0.026010716099602007,27.033177118180635,0.6087791919708252
389,l1,0.560625016159579,0.001,921,203,1,182,690,5,4,9,0.011855411404143524,46.73424620773133,3.3886518478393555
390,l1,0.1686570423115649,0.001,718,289,-1,827,708,6,2,7,0.07798426248653716,72.96295067847036,2.8110275268554688
391,l2,0.6651020406490891,0.001,296,311,2,396,935,10,4,11,0.08778332528392951,33.435716728379674,0.8033618927001953
392,l2,0.7399624944189757,0.001,557,336,1,807,762,3,4,9,0.061598941322706026,72.32192352645313,1.288440227508545
393,elasticnet,0.4809182164576694,0.01,520,817,-1,117,246,7,3,11,0.062472547246989155,52.09598258748118,0.20595383644104004
394,none,0.41941354117684926,0.0001,977,933,2,686,851,2,3,5,0.036799461668518656,87.73047374579579,0.7059445381164551
395,elasticnet,0.7875221455287701,0.01,695,682,4,376,337,10,2,7,0.09568183357548561,43.93960491833785,2.104996919631958
396,elasticnet,0.3715891664275601,0.01,796,415,8,431,930,2,3,9,0.041319312686391524,31.58314249658327,1.9099042415618896
397,elasticnet,0.32538464721758986,0.0001,311,40,1,438,844,9,3,8,0.0590103786363988,31.763057124663764,7.195497751235962
398,none,0.8556478826939865,0.01,601,227,-1,709,434,10,3,9,0.07809569220295817,19.332957860466273,0.5085117816925049
399,l1,0.5199945863280542,0.0001,600,759,8,490,644,8,5,8,0.06845370598600432,50.19555900636625,1.3054003715515137
